ts	phase	decision	why	evidence	result
2026-08-26T14:11:59Z	frame	docs stay reference facts plus stale-claim fixes; no crates/topside	wrong JSON in a design doc would lock a bad handshake; collecting facts first keeps the later design honest	README.md:12 docs/snorkel-on-grok-leader.md:110-114	open
2026-08-26T14:11:59Z	frame	skip architect and arena	this run does not pick types or modules; it cites wire facts	architect/SKILL.md skip for mechanical or settled fact collection	skipped
2026-08-26T14:11:59Z	frame	skip how explorers of this repo	snorkel session.rs, features, and README were traced in this session already	crates/snorkel/src/session.rs:24-35	skipped
2026-08-26T14:23:34Z	research	cloned xai-org/grok-build at 77cd7eb and read protocol.rs server.rs client.rs	leader JSON keys were the one-way door for a handshake	/tmp/grok-build/crates/codegen/xai-grok-shell/src/leader/protocol.rs:300	VERIFIED
2026-08-26T14:23:34Z	research	ACP v1 plus rust-sdk 2.0.0 and grok pin 0.10.4	phone ACP and grok ACP are not the same crate generation	crates.io agent-client-protocol 2.0.0 pins schema 1.5.0; grok-build Cargo.toml 0.10.4	VERIFIED
2026-08-26T14:23:34Z	docs	wrote docs/topside-inputs.md as Diataxis reference not a design	facts first; CLI and busy-gate stay unspecified	docs/topside-inputs.md	VERIFIED
2026-08-26T14:23:34Z	lever	added scripts/check-topside-inputs.py	stale doctor-exit-2 must not return	python3 scripts/check-topside-inputs.py	ok: 11 headings, 4 json fences
2026-08-26T14:34:44Z	pickup	resume dirty tree on cursor/topside-design-inputs-300c	prior agent left uncommitted docs; do not redo research	git status: README.md README.zh-CN.md docs/snorkel-on-grok-leader.md docs/topside-inputs.md scripts/check-topside-inputs.py .audit/topside-inputs.tsv	inherited
2026-08-26T14:34:44Z	docs	qualify doctor as design without a built binary and incomplete with one binary	running doctor on this checkout exited 2 stage design; rustc 1.83 cannot build edition 2024 snorkel	.cursor/skills/verify-aqualung/bin/control-aqualung doctor; rustc 1.83.0	VERIFIED
2026-08-26T14:34:44Z	research	fill LEADER_READY_TIMEOUT as 120 seconds and clientStatusLine	those were listed unspecified but the grok-build sources name them	xai-grok-http/src/lib.rs MIN_CLIENT_CONNECT_TIMEOUT from_secs(120); xai-grok-status-line CLIENT_STATUS_LINE_META	VERIFIED
2026-08-26T14:34:44Z	docs	complete inject_session_request_context table and evict underscore prefix	the first draft omitted overwrite rules and extra capability keys	docs/topside-inputs.md initialize section; protocol.rs wire_name	VERIFIED
2026-08-26T14:34:44Z	lever	check script now requires README links, both doctor stages, and 120 seconds	the oversimplified doctor-exit-1 claim came back once already	python3 scripts/check-topside-inputs.py	ok: 11 headings, 4 json fences, 4 files, no stale phrases
2026-08-26T14:34:44Z	skip	deslop skill is not in this environment	opening-a-pr asks for it; the plugin file is absent	glob cursor-team-kit deslop: none	skipped
2026-08-26T14:38:36Z	no-comments	accept Comment Sicko deletion of the check-script module docstring	the docstring narrated how to run the file; the PR already names the command	scripts/check-topside-inputs.py git diff: 6 deletions	accepted, 1 deletion
